0_RfR 0,0_RfR 1,1_RfR 0,1_RfR 1,2_RfR 0,2_RfR 1,3_RfR 0,3_RfR 1,4_RfR 0,4_RfR 1,EWS_DaysToThreat,A.1_DikeIncrease 0,A.1_DikeIncrease 1,A.2_DikeIncrease 0,A.2_DikeIncrease 1,A.3_DikeIncrease 0,A.3_DikeIncrease 1,A.4_DikeIncrease 0,A.4_DikeIncrease 1,A.5_DikeIncrease 0,A.5_DikeIncrease 1,A.4_Total Costs,A.4_Dike Investment Costs,A.4_Expected Annual Damage,A.4_Expected Number of Deaths,A.5_Total Costs,A.5_Dike Investment Costs,A.5_Expected Annual Damage,A.5_Expected Number of Deaths,RfR Total Costs,Expected Evacuation Costs
1,0,0,0,0,0,1,0,0,0,3,5,5,4,0,4,1,0,3,2,2,8453407.696608048,8453407.696608048,0.0,0.0,57073405.0132732,57073405.0132732,0.0,0.0,205800000.0,1133.8497070239266
1,1,1,0,1,0,1,0,0,0,3,5,5,3,5,0,5,0,1,0,0,6320800.309666242,6320800.309666242,0.0,0.0,10561380.443788609,0.0,10561380.443788609,0.0012034965939838,538900000.0,1656.6690380175592
0,0,1,0,0,0,1,1,0,0,0,4,5,2,1,5,5,0,3,0,0,8453407.696608048,8453407.696608048,0.0,0.0,0.0,0.0,0.0,0.0,460200000.0,0.0
0,0,1,0,1,1,0,0,0,0,0,2,2,5,3,0,5,2,0,0,2,7332080.219521779,7332080.219521779,0.0,0.0,35256055.75157097,27578229.96765524,7677825.783915725,0.0102290540665414,279200000.0,0.0
