Case,A.0_ID flood wave shape,A.1_Bmax,A.1_Brate,A.1_pfail,A.2_Bmax,A.2_Brate,A.2_pfail,A.3_Bmax,A.3_Brate,A.3_pfail,A.4_Bmax,A.4_Brate,A.4_pfail,A.5_Bmax,A.5_Brate,A.5_pfail,discount rate 0,discount rate 1,A.1_Total Costs,A.1_Dike Investment Costs,A.1_Expected Annual Damage,A.1_Expected Number of Deaths,A.2_Total Costs,A.2_Dike Investment Costs,A.2_Expected Annual Damage,A.2_Expected Number of Deaths,A.3_Total Costs,A.3_Dike Investment Costs,A.3_Expected Annual Damage,A.3_Expected Number of Deaths,A.4_Total Costs,A.4_Dike Investment Costs,A.4_Expected Annual Damage,A.4_Expected Number of Deaths,A.5_Total Costs,A.5_Dike Investment Costs,A.5_Expected Annual Damage,A.5_Expected Number of Deaths,RfR Total Costs,Expected Evacuation Costs
Best,9.0,294.6666091680527,1.0,0.0626673130318522,173.47078770399094,10.0,0.3941771034151315,286.20031744241714,10.0,0.714540870860219,228.28711420297623,1.5,0.6016052588820457,68.12421470880508,1.0,0.3546228054910898,4.5,3.5,1104528362.4872386,0,1104528362.4872386,1.1345497602507546,0.0,0,0.0,0.0,0.0,0,0.0,0.0,0.0,0,0.0,0.0,0.0,0,0.0,0.0,0.0,0.0
Mediocre,40.0,242.31421262025836,1.5,0.0080316569656133,80.01806408166885,1.5,0.3584369886666536,157.08720564842224,10.0,0.974853876978159,143.02420616149902,1.5,0.1353832194581627,229.7805306315422,1.0,0.1537619540467858,4.5,3.5,1128714675.389048,0,1128714675.389048,1.165875585281518,0.0,0,0.0,0.0,0.0,0,0.0,0.0,1081042.618233248,0,1081042.618233248,0.000714354672891,0.0,0,0.0,0.0,0.0,0.0
Worst,88.0,211.4629629254341,1.5,0.6548884874209762,211.77692592144007,1.0,0.8914999458938837,318.67792040109634,1.0,0.2030078070238232,168.98424923419952,1.5,0.1448259595781564,291.9823455810547,1.0,0.5346130570396781,4.5,1.5,30387681.252028,0,30387681.252028,0.0281901577519387,8739403.398086205,0,8739403.398086205,0.0110755668379289,646908071.1833094,0,646908071.1833094,1.4260548104123765,14375465.01629955,0,14375465.01629955,0.0080459225285515,0.0,0,0.0,0.0,0.0,0.0
