Case,A.0_ID flood wave shape,A.1_Bmax,A.1_Brate,A.1_pfail,A.2_Bmax,A.2_Brate,A.2_pfail,A.3_Bmax,A.3_Brate,A.3_pfail,A.4_Bmax,A.4_Brate,A.4_pfail,A.5_Bmax,A.5_Brate,A.5_pfail,discount rate 0,discount rate 1,A.1_Total Costs,A.1_Dike Investment Costs,A.1_Expected Annual Damage,A.1_Expected Number of Deaths,A.2_Total Costs,A.2_Dike Investment Costs,A.2_Expected Annual Damage,A.2_Expected Number of Deaths,A.3_Total Costs,A.3_Dike Investment Costs,A.3_Expected Annual Damage,A.3_Expected Number of Deaths,A.4_Total Costs,A.4_Dike Investment Costs,A.4_Expected Annual Damage,A.4_Expected Number of Deaths,A.5_Total Costs,A.5_Dike Investment Costs,A.5_Expected Annual Damage,A.5_Expected Number of Deaths,RfR Total Costs,Expected Evacuation Costs
Best,48.0,299.1266202926636,10.0,0.0118997897952795,168.88112872838974,10.0,0.1401701448485255,30.92665821313858,1.5,0.7653680052608252,157.9655957221985,1.0,0.994093170389533,227.13918954133987,10.0,0.4282513260841369,1.5,4.5,1347378731.2280948,0,1347378731.2280948,1.139891189089197,0.0,0,0.0,0.0,0.0,0,0.0,0.0,0.0,0,0.0,0.0,0.0,0,0.0,0.0,0.0,0.0
Mediocre,40.0,242.31421262025836,1.5,0.0080316569656133,80.01806408166885,1.5,0.3584369886666536,157.08720564842224,10.0,0.974853876978159,143.02420616149902,1.5,0.1353832194581627,229.7805306315422,1.0,0.1537619540467858,4.5,3.5,1128714675.389048,0,1128714675.389048,1.165875585281518,0.0,0,0.0,0.0,0.0,0,0.0,0.0,1081042.618233248,0,1081042.618233248,0.000714354672891,0.0,0,0.0,0.0,0.0,0.0
Worst,79.0,333.4318935871124,1.5,0.6662706676870584,231.6207990050316,1.0,0.387733768671751,324.91706639528275,10.0,0.1726178163662552,319.5764246582985,1.0,0.1392352096736431,257.7163010835648,1.0,0.53459900803864,1.5,3.5,32738129.595652606,0,32738129.595652606,0.0286965479400848,59653522.51531221,0,59653522.51531221,0.0678930300625123,907513214.581102,0,907513214.581102,1.858088438464354,1402175.196970052,0,1402175.196970052,0.0007196363838047,0.0,0,0.0,0.0,0.0,0.0
