Case,A.0_ID flood wave shape,A.1_Bmax,A.1_Brate,A.1_pfail,A.2_Bmax,A.2_Brate,A.2_pfail,A.3_Bmax,A.3_Brate,A.3_pfail,A.4_Bmax,A.4_Brate,A.4_pfail,A.5_Bmax,A.5_Brate,A.5_pfail,discount rate 0,discount rate 1,A.1_Total Costs,A.1_Dike Investment Costs,A.1_Expected Annual Damage,A.1_Expected Number of Deaths,A.2_Total Costs,A.2_Dike Investment Costs,A.2_Expected Annual Damage,A.2_Expected Number of Deaths,A.3_Total Costs,A.3_Dike Investment Costs,A.3_Expected Annual Damage,A.3_Expected Number of Deaths,A.4_Total Costs,A.4_Dike Investment Costs,A.4_Expected Annual Damage,A.4_Expected Number of Deaths,A.5_Total Costs,A.5_Dike Investment Costs,A.5_Expected Annual Damage,A.5_Expected Number of Deaths,RfR Total Costs,Expected Evacuation Costs
Best,51.0,201.076999604702,10.0,0.7210100432857871,344.4461563229561,10.0,0.3609739281237125,113.36741209030151,1.5,0.77176443208009,74.23417091369629,10.0,0.6056880848482251,99.3778944015503,1.0,0.958237045444548,4.5,3.5,5037352.917671847,0,5037352.917671847,0.0057005570688325,45965079.44192487,0,45965079.44192487,0.0670371971519808,0.0,0,0.0,0.0,0.0,0,0.0,0.0,0.0,0,0.0,0.0,0.0,0.0
Mediocre,40.0,242.31421262025836,1.5,0.0080316569656133,80.01806408166885,1.5,0.3584369886666536,157.08720564842224,10.0,0.974853876978159,143.02420616149902,1.5,0.1353832194581627,229.7805306315422,1.0,0.1537619540467858,4.5,3.5,1128714675.389048,0,1128714675.389048,1.165875585281518,0.0,0,0.0,0.0,0.0,0,0.0,0.0,1081042.618233248,0,1081042.618233248,0.000714354672891,0.0,0,0.0,0.0,0.0,0.0
Worst,89.0,221.46561115980148,10.0,0.8517901012673974,83.4658831357956,1.0,0.6431625382974744,303.5310968756676,1.5,0.3534813402220607,154.44969445466995,10.0,0.216326099820435,122.65834748744965,1.0,0.5896053528413177,3.5,2.5,0.0,0,0.0,0.0,19860552.243253592,0,19860552.243253592,0.0258830825597704,243662627.6765145,0,243662627.6765145,0.5752238234770166,42573254.10654828,0,42573254.10654828,0.025403113781421,0.0,0,0.0,0.0,0.0,0.0
