0_RfR 0,0_RfR 1,1_RfR 0,1_RfR 1,2_RfR 0,2_RfR 1,3_RfR 0,3_RfR 1,4_RfR 0,4_RfR 1,EWS_DaysToThreat,A.1_DikeIncrease 0,A.1_DikeIncrease 1,A.2_DikeIncrease 0,A.2_DikeIncrease 1,A.3_DikeIncrease 0,A.3_DikeIncrease 1,A.4_DikeIncrease 0,A.4_DikeIncrease 1,A.5_DikeIncrease 0,A.5_DikeIncrease 1,A.4_Total Costs,A.4_Dike Investment Costs,A.4_Expected Annual Damage,A.4_Expected Number of Deaths,A.5_Total Costs,A.5_Dike Investment Costs,A.5_Expected Annual Damage,A.5_Expected Number of Deaths,RfR Total Costs,Expected Evacuation Costs,Overijssel_Deaths,Overijssel_Damages,Overijssel_Investment,Overijssel_RfR_num,Scenario,cluster,TotalCost
0,0,0,0,0,0,0,0,0,0,3,0,0,4,0,5,1,5,5,5,0,24623296.53676105,24162426.948826768,460869.5879342828,4.360199651194607e-05,321838766.93521726,36676675.840294495,285162091.0949228,0.0370088040083537,0.0,23379.01080542827,0.0370524060048656,285622960.68285704,60839102.78912126,0,Worst,0,346485442.48278373
0,0,0,0,0,1,0,0,0,0,0,5,2,1,5,1,5,4,0,5,3,14343407.800968068,9695195.36216505,4648212.438803017,0.0030442360013228,238243221.6841818,72580607.18485624,165662614.49932557,0.1979954258804335,30700000.0,0.0,0.2010396618817563,170310826.9381286,82275802.54702128,0,Worst,1,283286629.48514986
0,0,0,0,0,0,0,0,0,0,2,0,0,5,5,3,0,0,2,5,3,52254465.31038442,7332080.219521779,44922385.09086265,0.0039139293267064,113139787.07139383,72580607.18485624,40559179.8865376,0.0075329566097719,0.0,7158.268872754287,0.0114468859364783,85481564.97740024,79912687.40437801,0,Worst,2,165401410.650651
