0_RfR 0,0_RfR 1,1_RfR 0,1_RfR 1,2_RfR 0,2_RfR 1,3_RfR 0,3_RfR 1,4_RfR 0,4_RfR 1,EWS_DaysToThreat,A.1_DikeIncrease 0,A.1_DikeIncrease 1,A.2_DikeIncrease 0,A.2_DikeIncrease 1,A.3_DikeIncrease 0,A.3_DikeIncrease 1,A.4_DikeIncrease 0,A.4_DikeIncrease 1,A.5_DikeIncrease 0,A.5_DikeIncrease 1,A.4_Total Costs,A.4_Dike Investment Costs,A.4_Expected Annual Damage,A.4_Expected Number of Deaths,A.5_Total Costs,A.5_Dike Investment Costs,A.5_Expected Annual Damage,A.5_Expected Number of Deaths,RfR Total Costs,Expected Evacuation Costs,Overijssel_Deaths,Overijssel_Damages,Overijssel_Investment,Overijssel_RfR_num,Scenario,cluster,TotalCost
0,0,0,0,0,0,0,0,0,0,3,0,4,0,0,3,1,5,0,0,0,76341914.60551725,11068771.68625446,65273142.9192628,0.0043773051114127,0.0,0.0,0.0,0.0,0.0,8110.699632213914,0.0043773051114127,65273142.9192628,11068771.68625446,0,Worst Dike 4,0,76350025.30514947
0,0,0,0,0,0,0,0,0,0,3,0,5,0,1,0,4,5,3,0,1,63691500.46533564,21068617.1353041,42622883.33003154,0.0029180597291611,25037214.086173728,25037214.086173728,0.0,0.0,0.0,5505.780064855127,0.0029180597291611,42622883.33003154,46105831.22147783,0,Worst Dike 4,1,88734220.33157422
0,1,0,0,0,0,0,0,0,0,4,4,3,1,1,4,5,5,4,0,0,58914804.12038435,22537573.22754236,36377230.89284199,0.0025092591173158,43152896.82351743,0.0,43152896.82351743,0.005881127351183,84600000.0,8683.936997446603,0.0083903864684988,79530127.7163594,22537573.22754236,0,Worst Dike 4,2,186676384.88089922
