0_RfR 0,0_RfR 1,1_RfR 0,1_RfR 1,2_RfR 0,2_RfR 1,3_RfR 0,3_RfR 1,4_RfR 0,4_RfR 1,EWS_DaysToThreat,A.1_DikeIncrease 0,A.1_DikeIncrease 1,A.2_DikeIncrease 0,A.2_DikeIncrease 1,A.3_DikeIncrease 0,A.3_DikeIncrease 1,A.4_DikeIncrease 0,A.4_DikeIncrease 1,A.5_DikeIncrease 0,A.5_DikeIncrease 1,A.4_Total Costs,A.4_Dike Investment Costs,A.4_Expected Annual Damage,A.4_Expected Number of Deaths,A.5_Total Costs,A.5_Dike Investment Costs,A.5_Expected Annual Damage,A.5_Expected Number of Deaths,RfR Total Costs,Expected Evacuation Costs,Overijssel_Deaths,Overijssel_Damages,Overijssel_Investment,Overijssel_RfR_num,Scenario,cluster,TotalCost
0,0,0,0,0,0,0,0,0,0,1,4,2,1,4,2,0,0,0,5,0,1675428.0144974417,0.0,1675428.0144974417,0.0003514574812768,454202380.0950012,36676675.840294495,417525704.2547067,0.1695733652243923,0.0,18166.31321756968,0.169924822705669,419201132.26920414,36676675.840294495,0,Worst Dike 5,0,455895974.4227162
0,0,0,0,0,0,0,0,0,0,3,0,4,1,0,1,1,0,0,5,3,0.0,0.0,0.0,0.0,273873054.890917,72580607.18485624,201292447.7060608,0.0327810833571113,0.0,23858.58730781925,0.0327810833571113,201292447.7060608,72580607.18485624,0,Worst Dike 5,1,273896913.4782249
0,0,0,0,0,0,0,0,0,0,1,2,3,0,0,4,5,2,0,5,0,7332080.219521779,7332080.219521779,0.0,0.0,428259753.2768654,36676675.840294495,391583077.4365709,0.1587272474107121,0.0,19903.96097333636,0.1587272474107121,391583077.4365709,44008756.05981627,0,Worst Dike 5,2,435611737.45736045
